timedate,yTi,Ta,Ph,Gv
10/10/1983 15:20,24.5019,11.8264,1.5,0.007
10/10/1983 15:30,24.5511,11.9301,1.5,0.0053
10/10/1983 15:40,24.6569,12.0966,1.5,0.0049
10/10/1983 15:50,24.7701,12.2795,1.5,0.0051
10/10/1983 16:00,24.6643,12.5938,1.5,0.0011
10/10/1983 16:10,24.6249,12.7291,1.5,0.001
10/10/1983 16:20,24.7529,12.7253,1.5,7.00E-04
10/10/1983 16:30,24.8242,12.6926,1.5,1.00E-04
10/10/1983 16:40,24.8562,12.674,1.5,0
10/10/1983 16:50,24.8956,12.694,1.5,6.00E-04
10/10/1983 17:00,24.9325,12.7004,1.5,6.00E-04
10/10/1983 17:10,24.962,12.6781,1.5,-1.00E-04
10/10/1983 17:20,25.0112,12.6779,1.5,-2.00E-04
10/10/1983 17:30,25.0259,12.6342,1.5,-2.00E-04
10/10/1983 17:40,25.0776,12.6129,1.5,-1.00E-04
10/10/1983 17:50,25.0849,12.5505,1.5,-2.00E-04
10/10/1983 18:00,25.1341,12.3404,1.5,0
10/10/1983 18:10,25.1587,12.1071,1.5,-1.00E-04
10/10/1983 18:20,25.1661,12.0212,1.5,-4.00E-04
10/10/1983 18:30,25.2226,11.9465,1.5,-4.00E-04
10/10/1983 18:40,25.2177,11.8654,1.5,-2.00E-04
10/10/1983 18:50,25.2693,11.8363,1.5,0
10/10/1983 19:00,25.2964,11.8416,1.5,0
10/10/1983 19:10,25.3136,11.8401,1.5,-3.00E-04
10/10/1983 19:20,25.348,11.8794,1.5,0
10/10/1983 19:30,25.375,11.8634,1.5,-3.00E-04
10/10/1983 19:40,25.4168,11.819,1.5,4.00E-04
10/10/1983 19:50,25.4364,11.8175,1.5,9.00E-04
10/10/1983 20:00,25.4536,11.7763,1.5,8.00E-04
10/10/1983 20:10,25.4856,11.7797,1.5,7.00E-04
10/10/1983 20:20,25.52,11.7812,1.5,6.00E-04
10/10/1983 20:30,25.5445,11.7715,1.5,5.00E-04
10/10/1983 20:40,25.5544,11.7459,1.5,3.00E-04
10/10/1983 20:50,25.6158,11.7288,1.5,1.00E-04
10/10/1983 21:00,25.6182,11.6712,1.5,0
10/10/1983 21:10,25.66,11.5974,1.5,0
10/10/1983 21:20,25.6796,11.4982,1.5,0
10/10/1983 21:30,25.6894,11.3342,1.5,0
10/10/1983 21:40,25.7189,11.201,1.5,-1.00E-04
10/10/1983 21:50,25.7459,11.0882,1.5,-2.00E-04
10/10/1983 22:00,25.7631,10.9359,1.5,-1.00E-04
10/10/1983 22:10,25.6256,10.7086,0,-3.00E-04
10/10/1983 22:20,25.461,10.3858,0,-8.00E-04
10/10/1983 22:30,25.3725,10.0958,0,-0.0011
10/10/1983 22:40,25.3209,9.8192,0,-0.0011
10/10/1983 22:50,25.2742,9.6819,0,-0.0011
10/10/1983 23:00,25.2128,9.5527,0,-0.0012
10/10/1983 23:10,25.3529,9.4139,1.5,-0.0013
10/10/1983 23:20,25.5126,9.2373,1.5,-0.0013
10/10/1983 23:30,25.5912,9.1836,1.5,-0.0013
10/10/1983 23:40,25.6158,9.0848,1.5,-0.0014
10/10/1983 23:50,25.6649,9.0228,1.5,-0.0013
11/10/1983 00:00,25.6649,8.9402,1.5,-0.0013
11/10/1983 00:10,25.5666,8.8456,0,-0.0014
11/10/1983 00:20,25.3947,8.8131,0,-0.0012
11/10/1983 00:30,25.3013,8.7541,0,-0.0012
11/10/1983 00:40,25.257,8.6915,0,-0.0012
11/10/1983 00:50,25.1907,8.7139,0,-9.00E-04
11/10/1983 01:00,25.144,8.8483,0,-5.00E-04
11/10/1983 01:10,25.2988,9.0186,1.5,-3.00E-04
11/10/1983 01:20,25.4757,9.2078,1.5,-7.00E-04
11/10/1983 01:30,25.5372,9.1585,1.5,-7.00E-04
11/10/1983 01:40,25.5716,9.1419,1.5,-6.00E-04
11/10/1983 01:50,25.5986,9.1764,1.5,-5.00E-04
11/10/1983 02:00,25.6354,9.1273,1.5,-4.00E-04
11/10/1983 02:10,25.547,8.9072,0,-7.00E-04
11/10/1983 02:20,25.4119,8.6138,0,-0.0011
11/10/1983 02:30,25.3111,8.3923,0,-0.0011
11/10/1983 02:40,25.2202,8.3496,0,-0.0011
11/10/1983 02:50,25.1735,8.2473,0,-0.0011
11/10/1983 03:00,25.1562,8.1071,0,-0.0011
11/10/1983 03:10,25.2914,8.068,1.5,-0.0012
11/10/1983 03:20,25.4512,8.1169,1.5,-0.0011
11/10/1983 03:30,25.5003,8.1486,1.5,-0.0011
11/10/1983 03:40,25.5642,8.1504,1.5,-0.0012
11/10/1983 03:50,25.5887,8.1878,1.5,-0.0012
11/10/1983 04:00,25.6133,8.1877,1.5,-0.0012
11/10/1983 04:10,25.633,8.1628,1.5,-0.0012
11/10/1983 04:20,25.6845,8.1202,1.5,-0.0012
11/10/1983 04:30,25.7042,8.1648,1.5,-0.001
11/10/1983 04:40,25.7017,8.184,1.5,-9.00E-04
11/10/1983 04:50,25.7459,8.0904,1.5,-0.0014
11/10/1983 05:00,25.8073,8.055,1.5,-0.0014
11/10/1983 05:10,25.66,8.0101,0,-8.00E-04
11/10/1983 05:20,25.4929,7.8805,0,4.00E-04
11/10/1983 05:30,25.4241,7.804,0,0.0027
11/10/1983 05:40,25.3775,7.8716,0,0.0077
11/10/1983 05:50,25.348,7.7923,0,0.0175
11/10/1983 06:00,25.3111,7.7465,0,0.033
11/10/1983 06:10,25.2988,7.7799,0,0.0546
11/10/1983 06:20,25.2619,7.8912,0,0.0959
11/10/1983 06:30,25.144,8.0991,0,0.0967
11/10/1983 06:40,25.2472,8.447,0,0.1062
11/10/1983 06:50,25.2226,8.6248,0,0.0768
11/10/1983 07:00,25.2497,8.6937,0,0.0672
11/10/1983 07:10,25.402,8.9079,1.5,0.1332
11/10/1983 07:20,25.6354,9.325,1.5,0.2828
11/10/1983 07:30,25.7263,9.6301,1.5,0.322
11/10/1983 07:40,25.8417,9.7637,1.5,0.3458
11/10/1983 07:50,25.9767,9.9243,1.5,0.4046
11/10/1983 08:00,26.0626,10.2306,1.5,0.2967
11/10/1983 08:10,26.0822,10.2413,1.5,0.1017
11/10/1983 08:20,26.0969,10.4228,1.5,0.0668
11/10/1983 08:30,26.0969,10.4512,1.5,0.0746
11/10/1983 08:40,26.1607,10.7479,1.5,0.1759
11/10/1983 08:50,26.2245,11.0298,1.5,0.2213
11/10/1983 09:00,26.3153,11.155,1.5,0.2885
11/10/1983 09:10,26.2343,11.1711,0,0.1767
11/10/1983 09:20,26.0331,10.9895,0,0.0532
11/10/1983 09:30,25.9644,10.9336,0,0.1059
11/10/1983 09:40,26.0258,11.1409,0,0.4857
11/10/1983 09:50,26.1558,11.2045,0,0.6522
11/10/1983 10:00,26.146,11.1097,0,0.4848
11/10/1983 10:10,26.3472,11.1104,1.5,0.4834
11/10/1983 10:20,26.4992,11.0974,1.5,0.375
11/10/1983 10:30,26.661,11.6745,1.5,0.3924
11/10/1983 10:40,26.6684,11.791,1.5,0.3379
11/10/1983 10:50,26.8889,12.4569,1.5,0.6269
11/10/1983 11:00,26.9281,12.1923,1.5,0.3716
11/10/1983 11:10,27.0457,12.1643,1.5,0.5136
11/10/1983 11:20,27.0236,12.0413,1.5,0.2798
11/10/1983 11:30,27.0432,11.7072,1.5,0.2227
11/10/1983 11:40,27.124,12.1026,1.5,0.3542
11/10/1983 11:50,27.1142,12.0613,1.5,0.178
11/10/1983 12:00,27.0775,11.8033,1.5,0.0641
11/10/1983 12:10,27.053,10.9263,1.5,0.0556
11/10/1983 12:20,27.1436,10.6708,1.5,0.1191
11/10/1983 12:30,27.2048,10.9528,1.5,0.368
11/10/1983 12:40,27.2342,11.108,1.5,0.2412
11/10/1983 12:50,27.337,11.368,1.5,0.3762
11/10/1983 13:00,27.408,11.541,1.5,0.2455
11/10/1983 13:10,27.3199,11.5686,0,0.2708
11/10/1983 13:20,27.1069,11.4038,0,0.1083
11/10/1983 13:30,26.9624,10.8253,0,0.025
11/10/1983 13:40,26.835,9.6526,0,0.0071
11/10/1983 13:50,26.8595,8.8521,0,0.0071
11/10/1983 14:00,26.7786,8.7272,0,0.028
11/10/1983 14:10,26.8816,8.9521,1.5,0.0683
11/10/1983 14:20,27.1044,9.3873,1.5,0.2136
11/10/1983 14:30,27.2171,9.875,1.5,0.295
11/10/1983 14:40,27.2685,9.8684,1.5,0.2511
11/10/1983 14:50,27.3223,10.0121,1.5,0.2763
11/10/1983 15:00,27.3566,10.0569,1.5,0.237
11/10/1983 15:10,27.3958,9.9797,1.5,0.1899
11/10/1983 15:20,27.4056,9.8724,1.5,0.1208
11/10/1983 15:30,27.3762,9.5871,1.5,0.0226
11/10/1983 15:40,27.3737,9.4881,1.5,0.0098
11/10/1983 15:50,27.3713,9.5866,1.5,0.0131
11/10/1983 16:00,27.3884,9.5106,1.5,0.0108
11/10/1983 16:10,27.2416,9.3579,0,0.008
11/10/1983 16:20,27.1069,9.0732,0,0.0036
11/10/1983 16:30,27.0236,8.8531,0,0.0015
11/10/1983 16:40,26.9771,8.7277,0,-4.00E-04
11/10/1983 16:50,26.911,8.5642,0,-0.001
11/10/1983 17:00,26.8424,8.4346,0,-0.0011
11/10/1983 17:10,26.9306,8.2695,1.5,-0.0011
11/10/1983 17:20,27.0947,8.1894,1.5,-0.0011
11/10/1983 17:30,27.1436,8.3087,1.5,-5.00E-04
11/10/1983 17:40,27.1999,8.3241,1.5,-5.00E-04
11/10/1983 17:50,27.2367,8.1792,1.5,-0.0011
11/10/1983 18:00,27.2465,8.0858,1.5,-6.00E-04
11/10/1983 18:10,27.1118,7.8866,0,-0.001
11/10/1983 18:20,27.0114,7.6134,0,-7.00E-04
11/10/1983 18:30,26.9354,7.6409,0,-0.001
11/10/1983 18:40,26.8644,7.4959,0,-0.0014
11/10/1983 18:50,26.8007,7.2837,0,-0.0013
11/10/1983 19:00,26.7541,7.3572,0,-7.00E-04
11/10/1983 19:10,26.7272,7.3242,0,-0.0012
11/10/1983 19:20,26.6782,7.3662,0,-0.0013
11/10/1983 19:30,26.6316,7.4855,0,-0.001
11/10/1983 19:40,26.6242,7.5898,0,-0.0011
11/10/1983 19:50,26.5728,7.6902,0,-7.00E-04
11/10/1983 20:00,26.5384,7.4583,0,-0.0011
11/10/1983 20:10,26.6684,7.2762,1.5,-0.0012
11/10/1983 20:20,26.8228,7.3047,1.5,-0.0011
11/10/1983 20:30,26.8865,7.3862,1.5,-7.00E-04
11/10/1983 20:40,26.9501,7.3774,1.5,-8.00E-04
11/10/1983 20:50,26.9746,7.3094,1.5,-9.00E-04
11/10/1983 21:00,27.0065,7.3215,1.5,-9.00E-04
11/10/1983 21:10,26.9159,7.2382,0,-0.001
11/10/1983 21:20,26.7909,7.1591,0,-0.001
11/10/1983 21:30,26.688,7.0627,0,-0.0011
11/10/1983 21:40,26.6144,6.9852,0,-0.0011
11/10/1983 21:50,26.5924,6.9629,0,-0.001
11/10/1983 22:00,26.5384,6.9485,0,-9.00E-04
11/10/1983 22:10,26.5115,6.9543,0,-0.001
11/10/1983 22:20,26.4624,6.8568,0,-0.0011
11/10/1983 22:30,26.4477,6.6902,0,-0.0011
11/10/1983 22:40,26.4158,6.7155,0,-9.00E-04
11/10/1983 22:50,26.3938,6.7096,0,-9.00E-04
11/10/1983 23:00,26.3545,6.6237,0,-0.001
11/10/1983 23:10,26.4796,6.6655,1.5,-8.00E-04
11/10/1983 23:20,26.6291,6.8123,1.5,-6.00E-04
11/10/1983 23:30,26.6169,6.7792,1.5,-0.001
11/10/1983 23:40,26.71,6.8027,1.5,-9.00E-04
11/10/1983 23:50,26.759,6.8558,1.5,-8.00E-04
12/10/1983 00:00,26.8179,6.7899,1.5,-0.001
12/10/1983 00:10,26.8424,6.9054,1.5,-0.001
12/10/1983 00:20,26.8669,6.8821,1.5,-0.001
12/10/1983 00:30,26.9012,6.9002,1.5,-9.00E-04
12/10/1983 00:40,26.9379,6.9394,1.5,-8.00E-04
12/10/1983 00:50,26.9599,6.8757,1.5,-9.00E-04
12/10/1983 01:00,26.9844,6.8028,1.5,-0.001
12/10/1983 01:10,26.9893,6.9578,1.5,-0.001
12/10/1983 01:20,27.0334,6.9535,1.5,-8.00E-04
12/10/1983 01:30,27.053,7.0384,1.5,-8.00E-04
12/10/1983 01:40,27.0726,7.0737,1.5,-7.00E-04
12/10/1983 01:50,27.1069,6.9974,1.5,-9.00E-04
12/10/1983 02:00,27.1314,6.9893,1.5,-9.00E-04
12/10/1983 02:10,27.0016,7.0684,0,-8.00E-04
12/10/1983 02:20,26.8448,7.0577,0,-8.00E-04
12/10/1983 02:30,26.7443,6.9936,0,-0.001
12/10/1983 02:40,26.6831,6.9093,0,-0.001
12/10/1983 02:50,26.6438,7.1071,0,-6.00E-04
12/10/1983 03:00,26.6095,7.1784,0,-6.00E-04
12/10/1983 03:10,26.5826,7.0992,0,-9.00E-04
12/10/1983 03:20,26.536,7.0652,0,-0.001
12/10/1983 03:30,26.5213,7.0282,0,-9.00E-04
12/10/1983 03:40,26.4722,6.9221,0,-0.001
12/10/1983 03:50,26.4355,6.9088,0,-0.001
12/10/1983 04:00,26.4036,6.803,0,-0.001
12/10/1983 04:10,26.3766,6.8348,0,-0.0011
12/10/1983 04:20,26.3325,6.9747,0,-0.001
12/10/1983 04:30,26.3226,7.0241,0,-0.001
12/10/1983 04:40,26.281,7.0933,0,-9.00E-04
12/10/1983 04:50,26.2638,7.1128,0,-9.00E-04
12/10/1983 05:00,26.2442,7.1237,0,-9.00E-04
12/10/1983 05:10,26.3643,7.1496,1.5,-9.00E-04
12/10/1983 05:20,26.5139,7.2371,1.5,-4.00E-04
12/10/1983 05:30,26.5752,7.3029,1.5,0.0012
12/10/1983 05:40,26.6389,7.2155,1.5,0.0051
12/10/1983 05:50,26.6757,7.1859,1.5,0.012
12/10/1983 06:00,26.737,7.2502,1.5,0.0298
12/10/1983 06:10,26.6365,7.4747,0,0.0595
12/10/1983 06:20,26.5507,7.6821,0,0.0963
12/10/1983 06:30,26.482,7.8131,0,0.1335
12/10/1983 06:40,26.46,7.996,0,0.1735
12/10/1983 06:50,26.4404,8.2183,0,0.1987
12/10/1983 07:00,26.4404,8.3372,0,0.2297
12/10/1983 07:10,26.6022,8.487,1.5,0.2792
12/10/1983 07:20,26.7909,8.6239,1.5,0.3191
12/10/1983 07:30,26.9452,8.8125,1.5,0.3202
12/10/1983 07:40,27.0653,9.0594,1.5,0.3448
12/10/1983 07:50,27.1412,9.252,1.5,0.3774
12/10/1983 08:00,27.2073,9.3798,1.5,0.3513
12/10/1983 08:10,27.3468,9.5453,1.5,0.3447
12/10/1983 08:20,27.408,9.9116,1.5,0.2936
12/10/1983 08:30,27.4667,9.8076,1.5,0.3531
12/10/1983 08:40,27.594,10.0372,1.5,0.5244
12/10/1983 08:50,27.7187,10.123,1.5,0.5619
12/10/1983 09:00,27.8361,10.2536,1.5,0.5719
12/10/1983 09:10,27.9266,10.3101,1.5,0.4768
12/10/1983 09:20,28.0464,10.5944,1.5,0.6158
12/10/1983 09:30,28.1832,10.6103,1.5,0.6038
12/10/1983 09:40,28.2981,10.7201,1.5,0.6097
12/10/1983 09:50,28.4641,11.0389,1.5,0.6682
12/10/1983 10:00,28.5691,11.2485,1.5,0.6218
12/10/1983 10:10,28.5667,11.0975,1.5,0.4985
12/10/1983 10:20,28.5765,11.0641,1.5,0.3875
12/10/1983 10:30,28.5862,11.1791,1.5,0.3762
12/10/1983 10:40,28.6522,11.2596,1.5,0.3004
12/10/1983 10:50,28.618,11.149,1.5,0.2256
12/10/1983 11:00,28.6448,11.2147,1.5,0.3034
12/10/1983 11:10,28.6644,11.2544,1.5,0.3854
12/10/1983 11:20,28.8035,11.5017,1.5,0.5693
12/10/1983 11:30,28.9084,11.7055,1.5,0.5367
12/10/1983 11:40,28.9743,11.8905,1.5,0.6293
12/10/1983 11:50,29.106,12.2127,1.5,0.6675
12/10/1983 12:00,29.1475,11.7757,1.5,0.2915
12/10/1983 12:10,28.9767,11.8284,0,0.3774
12/10/1983 12:20,28.7815,11.6482,0,0.2664
12/10/1983 12:30,28.657,11.9447,0,0.3894
12/10/1983 12:40,28.7059,12.2063,0,0.5458
12/10/1983 12:50,28.6863,12.2526,0,0.5846
12/10/1983 13:00,28.7156,12.2751,0,0.5567
12/10/1983 13:10,28.7278,12.1375,0,0.527
12/10/1983 13:20,28.6766,12.33,0,0.4948
12/10/1983 13:30,28.6619,12.4061,0,0.3955
12/10/1983 13:40,28.64,12.263,0,0.3708
12/10/1983 13:50,28.6253,12.2184,0,0.3483
12/10/1983 14:00,28.6131,12.4822,0,0.3973
12/10/1983 14:10,28.9963,12.2386,1.5,0.3052
12/10/1983 14:20,29.1426,11.9802,1.5,0.1746
12/10/1983 14:30,29.2036,12.5925,1.5,0.3361
12/10/1983 14:40,29.3572,12.3677,1.5,0.2905
12/10/1983 14:50,29.3645,12.1112,1.5,0.2561
12/10/1983 15:00,29.3694,11.9377,1.5,0.2265
12/10/1983 15:10,29.245,11.7444,0,0.1749
12/10/1983 15:20,28.8987,11.4872,0,0.091
12/10/1983 15:30,28.7571,11.2063,0,0.0492
12/10/1983 15:40,28.679,10.9188,0,0.0272
12/10/1983 15:50,28.6351,10.6269,0,0.0186
12/10/1983 16:00,28.5496,10.286,0,0.013
12/10/1983 16:10,28.7693,9.9624,1.5,0.006
12/10/1983 16:20,28.9011,9.7706,1.5,0.0018
12/10/1983 16:30,28.9645,9.6146,1.5,-2.00E-04
12/10/1983 16:40,28.9865,9.3879,1.5,-0.0012
12/10/1983 16:50,28.9914,9.2072,1.5,-0.0012
12/10/1983 17:00,28.9841,9.2551,1.5,-8.00E-04
12/10/1983 17:10,28.8913,9.3599,0,-6.00E-04
12/10/1983 17:20,28.74,9.3525,0,-6.00E-04
12/10/1983 17:30,28.6204,9.2239,0,-9.00E-04
12/10/1983 17:40,28.535,9.0642,0,-0.0012
12/10/1983 17:50,28.4519,8.8597,0,-0.0013
12/10/1983 18:00,28.4373,8.713,0,-0.0013
12/10/1983 18:10,28.3738,8.6505,0,-0.0012
12/10/1983 18:20,28.3445,8.6008,0,-0.001
12/10/1983 18:30,28.2883,8.6318,0,-7.00E-04
12/10/1983 18:40,28.2638,8.6656,0,-4.00E-04
12/10/1983 18:50,28.237,8.6977,0,-2.00E-04
12/10/1983 19:00,28.1734,8.7,0,-2.00E-04
12/10/1983 19:10,28.149,8.7964,0,-1.00E-04
12/10/1983 19:20,28.1099,8.8516,0,-4.00E-04
12/10/1983 19:30,28.1026,8.8046,0,-0.0011
12/10/1983 19:40,28.0757,8.7741,0,-0.0013
12/10/1983 19:50,28.0341,8.7808,0,-0.0013
12/10/1983 20:00,28.0195,8.7462,0,-0.0011
12/10/1983 20:10,28.1734,8.7321,1.5,-0.001
12/10/1983 20:20,28.3518,8.7463,1.5,-7.00E-04
12/10/1983 20:30,28.4006,8.7766,1.5,-5.00E-04
12/10/1983 20:40,28.4446,8.7939,1.5,-4.00E-04
12/10/1983 20:50,28.4764,8.8235,1.5,-2.00E-04
12/10/1983 21:00,28.5081,8.8682,1.5,-2.00E-04
12/10/1983 21:10,28.5423,8.8941,1.5,-1.00E-04
12/10/1983 21:20,28.5545,8.9732,1.5,-1.00E-04
12/10/1983 21:30,28.596,9.0392,1.5,0
12/10/1983 21:40,28.618,9.1201,1.5,0
12/10/1983 21:50,28.6473,9.1414,1.5,0
12/10/1983 22:00,28.6619,9.2095,1.5,0
12/10/1983 22:10,28.5545,9.3699,0,0
12/10/1983 22:20,28.4202,9.5353,0,0
12/10/1983 22:30,28.3469,9.6931,0,0
12/10/1983 22:40,28.2785,9.8286,0,0
12/10/1983 22:50,28.237,9.9328,0,0
12/10/1983 23:00,28.2052,10.0326,0,0
12/10/1983 23:10,28.149,10.1341,0,0
12/10/1983 23:20,28.1246,10.2169,0,0
12/10/1983 23:30,28.0879,10.3213,0,0
12/10/1983 23:40,28.0659,10.3651,0,0
12/10/1983 23:50,28.0293,10.4357,0,0
13/10/1983 00:00,28.0244,10.5094,0,1.00E-04
13/10/1983 00:10,27.9828,10.5903,0,1.00E-04
13/10/1983 00:20,27.9877,10.6803,0,1.00E-04
13/10/1983 00:30,27.9266,10.7899,0,0
13/10/1983 00:40,27.9217,10.9127,0,1.00E-04
13/10/1983 00:50,27.8581,11.0227,0,1.00E-04
13/10/1983 01:00,27.8459,11.1481,0,0
13/10/1983 01:10,27.8068,11.247,0,1.00E-04
13/10/1983 01:20,27.7872,11.3543,0,0
13/10/1983 01:30,27.7774,11.4894,0,1.00E-04
13/10/1983 01:40,27.753,11.6041,0,0
13/10/1983 01:50,27.7236,11.7648,0,1.00E-04
13/10/1983 02:00,27.6943,11.917,0,3.00E-04
13/10/1983 02:10,27.841,12.0194,1.5,6.00E-04
13/10/1983 02:20,28.0146,12.111,1.5,6.00E-04
13/10/1983 02:30,28.0928,12.1946,1.5,5.00E-04
13/10/1983 02:40,28.1514,12.2533,1.5,5.00E-04
13/10/1983 02:50,28.1759,12.3129,1.5,5.00E-04
13/10/1983 03:00,28.2125,12.3409,1.5,5.00E-04
13/10/1983 03:10,28.1417,12.344,0,4.00E-04
13/10/1983 03:20,28.0121,12.3665,0,3.00E-04
13/10/1983 03:30,27.9388,12.3836,0,4.00E-04
13/10/1983 03:40,27.8924,12.4011,0,3.00E-04
13/10/1983 03:50,27.8288,12.4224,0,3.00E-04
13/10/1983 04:00,27.819,12.4335,0,2.00E-04
13/10/1983 04:10,27.797,12.4286,0,2.00E-04
13/10/1983 04:20,27.7579,12.3781,0,0
13/10/1983 04:30,27.7579,12.3049,0,-2.00E-04
13/10/1983 04:40,27.7138,12.199,0,-5.00E-04
13/10/1983 04:50,27.6918,12.1578,0,-5.00E-04
13/10/1983 05:00,27.638,12.2729,0,1.00E-04
13/10/1983 05:10,27.6356,12.3031,0,1.00E-04
13/10/1983 05:20,27.5817,12.3247,0,1.00E-04
13/10/1983 05:30,27.5744,12.3278,0,3.00E-04
13/10/1983 05:40,27.5524,12.325,0,8.00E-04
13/10/1983 05:50,27.5426,12.3067,0,0.0019
13/10/1983 06:00,27.5132,12.2554,0,0.0033
13/10/1983 06:10,27.501,12.2021,0,0.0043
13/10/1983 06:20,27.4618,12.1481,0,0.0071
13/10/1983 06:30,27.4888,12.146,0,0.0069
13/10/1983 06:40,27.4423,12.0974,0,0.0088
13/10/1983 06:50,27.4227,12.0514,0,0.0058
13/10/1983 07:00,27.408,12.0205,0,0.0064
13/10/1983 07:10,27.3811,12.0164,0,0.0085
13/10/1983 07:20,27.3566,12.0509,0,0.0115
13/10/1983 07:30,27.3591,12.1137,0,0.0183
13/10/1983 07:40,27.3248,12.1891,0,0.0194
13/10/1983 07:50,27.3419,12.2323,0,0.0186
13/10/1983 08:00,27.3272,12.3616,0,0.026
13/10/1983 08:10,27.4912,12.5346,1.5,0.0344
13/10/1983 08:20,27.6135,12.433,1.5,0.0221
13/10/1983 08:30,27.6747,12.5147,1.5,0.0321
13/10/1983 08:40,27.775,12.5455,1.5,0.0335
13/10/1983 08:50,27.7799,12.5359,1.5,0.0302
13/10/1983 09:00,27.8483,12.5485,1.5,0.0329
13/10/1983 09:10,27.8801,12.5769,1.5,0.0334
13/10/1983 09:20,27.9144,12.5596,1.5,0.0321
13/10/1983 09:30,27.9632,12.5909,1.5,0.034
13/10/1983 09:40,28.0781,12.7734,1.5,0.0418
13/10/1983 09:50,28.0512,12.7989,1.5,0.0361
13/10/1983 10:00,28.1148,12.9496,1.5,0.0516
13/10/1983 10:10,28.1686,13.1943,1.5,0.0556
13/10/1983 10:20,28.1881,13.0802,1.5,0.0393
13/10/1983 10:30,28.2003,13.0548,1.5,0.0441
13/10/1983 10:40,28.2321,13.0524,1.5,0.0394
13/10/1983 10:50,28.3005,13.3541,1.5,0.0654
13/10/1983 11:00,28.3933,13.8011,1.5,0.0987
13/10/1983 11:10,28.4031,14.0261,1.5,0.1298
13/10/1983 11:20,28.4373,14.1349,1.5,0.1411
13/10/1983 11:30,28.5032,14.1832,1.5,0.1319
13/10/1983 11:40,28.5765,14.4409,1.5,0.2764
13/10/1983 11:50,28.6253,14.6707,1.5,0.3091
13/10/1983 12:00,28.7742,15.0171,1.5,0.426
13/10/1983 12:10,28.8596,14.9497,1.5,0.367
13/10/1983 12:20,28.8938,14.9779,1.5,0.2903
13/10/1983 12:30,28.9011,14.8016,1.5,0.2077
13/10/1983 12:40,28.8938,14.504,1.5,0.1886
13/10/1983 12:50,29.0353,14.5084,1.5,0.2218
13/10/1983 13:00,28.9938,14.4585,1.5,0.1987
13/10/1983 13:10,29.006,14.3515,1.5,0.1782
13/10/1983 13:20,29.0402,14.2585,1.5,0.1945
13/10/1983 13:30,29.0914,14.3037,1.5,0.219
13/10/1983 13:40,29.1377,14.3914,1.5,0.228
13/10/1983 13:50,29.1621,14.3384,1.5,0.2372
13/10/1983 14:00,29.2133,14.4133,1.5,0.2137
13/10/1983 14:10,29.1548,14.4492,0,0.2339
13/10/1983 14:20,29.0402,14.3997,0,0.2172
13/10/1983 14:30,28.9426,14.1834,0,0.1896
13/10/1983 14:40,28.8987,14.2339,0,0.2445
13/10/1983 14:50,28.8669,14.1617,0,0.2045
13/10/1983 15:00,28.8011,13.7612,0,0.1296
13/10/1983 15:10,28.9133,13.6766,1.5,0.135
13/10/1983 15:20,29.0621,13.4148,1.5,0.1063
13/10/1983 15:30,29.1329,13.3773,1.5,0.126
13/10/1983 15:40,29.1548,13.1646,1.5,0.0878
13/10/1983 15:50,29.1304,12.8421,1.5,0.0407
13/10/1983 16:00,29.1475,12.5829,1.5,0.0183
13/10/1983 16:10,29.0158,12.3887,0,0.0095
13/10/1983 16:20,28.8913,12.1888,0,0.0031
13/10/1983 16:30,28.8059,11.8798,0,0
13/10/1983 16:40,28.7644,11.6058,0,-0.0011
13/10/1983 16:50,28.701,11.3933,0,-0.0014
13/10/1983 17:00,28.657,11.2919,0,-0.0015
13/10/1983 17:10,28.5789,11.186,0,-0.0014
13/10/1983 17:20,28.5398,11.0216,0,-0.0014
13/10/1983 17:30,28.5008,11.0079,0,-0.0014
13/10/1983 17:40,28.4764,11.0157,0,-0.0015
13/10/1983 17:50,28.4446,11.0732,0,-0.0014
13/10/1983 18:00,28.408,11.0065,0,-0.0015
13/10/1983 18:10,28.5545,11.0528,1.5,-0.0015
13/10/1983 18:20,28.6766,11.0723,1.5,-0.0014
13/10/1983 18:30,28.7571,11.0445,1.5,-0.0015
13/10/1983 18:40,28.7986,11.0769,1.5,-0.0014
13/10/1983 18:50,28.8377,10.9134,1.5,-0.0015
13/10/1983 19:00,28.8791,10.865,1.5,-0.0015
13/10/1983 19:10,28.9182,10.726,1.5,-0.0014
13/10/1983 19:20,28.9792,10.7763,1.5,-0.0013
13/10/1983 19:30,28.9597,10.6601,1.5,-0.0012
13/10/1983 19:40,29.0158,10.6928,1.5,-0.0011
13/10/1983 19:50,29.0206,10.7256,1.5,-0.0011
13/10/1983 20:00,29.0402,10.6582,1.5,-0.0012
13/10/1983 20:10,28.9182,10.8008,0,-0.0013
13/10/1983 20:20,28.8011,11.1621,0,-0.0013
13/10/1983 20:30,28.7229,11.2812,0,-0.0012
13/10/1983 20:40,28.6717,11.3949,0,-0.0013
13/10/1983 20:50,28.6082,11.4495,0,-0.0012
13/10/1983 21:00,28.5667,11.6306,0,-0.0011
13/10/1983 21:10,28.5374,11.5732,0,-0.0012
13/10/1983 21:20,28.5154,11.6518,0,-0.0012
13/10/1983 21:30,28.5814,11.7491,0,-0.0011
13/10/1983 21:40,28.4251,11.6514,0,-0.0012
13/10/1983 21:50,28.408,11.4903,0,-0.0013
13/10/1983 22:00,28.3591,11.5356,0,-0.0013
13/10/1983 22:10,28.5276,11.5735,1.5,-0.0012
13/10/1983 22:20,28.6546,11.5129,1.5,-0.0013
13/10/1983 22:30,28.7303,11.4966,1.5,-0.0012
13/10/1983 22:40,28.7571,11.3938,1.5,-0.0012
13/10/1983 22:50,28.8084,11.3911,1.5,-0.0011
13/10/1983 23:00,28.8474,11.434,1.5,-0.0011
13/10/1983 23:10,28.8743,11.4323,1.5,-0.0011
13/10/1983 23:20,28.9157,11.538,1.5,-0.0012
13/10/1983 23:30,28.9426,11.5357,1.5,-0.0012
13/10/1983 23:40,28.945,11.5843,1.5,-0.0012
13/10/1983 23:50,28.9889,11.4833,1.5,-0.0013
14/10/1983 00:00,29.0206,11.547,1.5,-0.0014
14/10/1983 00:10,28.9206,11.6552,0,-0.0013
14/10/1983 00:20,28.7693,11.5631,0,-0.0013
14/10/1983 00:30,28.6839,11.6582,0,-0.0013
14/10/1983 00:40,28.6131,11.7328,0,-0.0012
14/10/1983 00:50,28.5862,11.9483,0,-9.00E-04
14/10/1983 01:00,28.5716,11.9118,0,-8.00E-04
14/10/1983 01:10,28.6741,11.9468,1.5,-9.00E-04
14/10/1983 01:20,28.8108,12.0051,1.5,-8.00E-04
14/10/1983 01:30,28.8913,12.0251,1.5,-7.00E-04
14/10/1983 01:40,28.9084,12.0698,1.5,-7.00E-04
14/10/1983 01:50,28.9694,12.132,1.5,-8.00E-04
14/10/1983 02:00,28.9865,12.1849,1.5,-8.00E-04
14/10/1983 02:10,29.0182,12.2615,1.5,-7.00E-04
14/10/1983 02:20,29.0377,12.3352,1.5,-7.00E-04
14/10/1983 02:30,29.0743,12.3403,1.5,-6.00E-04
14/10/1983 02:40,29.1109,12.456,1.5,-4.00E-04
14/10/1983 02:50,29.1207,12.5773,1.5,-4.00E-04
14/10/1983 03:00,29.1719,12.6638,1.5,-3.00E-04
14/10/1983 03:10,29.1865,12.7056,1.5,-2.00E-04
14/10/1983 03:20,29.2109,12.8658,1.5,1.00E-04
14/10/1983 03:30,29.2158,13.1034,1.5,1.00E-04
14/10/1983 03:40,29.2328,13.2611,1.5,0
14/10/1983 03:50,29.2694,13.3627,1.5,-1.00E-04
14/10/1983 04:00,29.3035,13.3836,1.5,-3.00E-04
14/10/1983 04:10,29.1694,13.3458,0,-3.00E-04
14/10/1983 04:20,29.0719,13.246,0,-6.00E-04
14/10/1983 04:30,28.945,13.2259,0,-5.00E-04
14/10/1983 04:40,28.884,13.1591,0,-5.00E-04
14/10/1983 04:50,28.8425,13.1654,0,-5.00E-04
14/10/1983 05:00,28.8011,13.061,0,-6.00E-04
14/10/1983 05:10,28.9182,13.0007,1.5,-7.00E-04
14/10/1983 05:20,29.0597,13.0199,1.5,-6.00E-04
14/10/1983 05:30,29.1475,13.0398,1.5,2.00E-04
14/10/1983 05:40,29.1548,12.975,1.5,0.002
14/10/1983 05:50,29.1938,12.8732,1.5,0.0041
14/10/1983 06:00,29.2304,13.0332,1.5,0.0052
14/10/1983 06:10,29.2548,13.1915,1.5,0.0055
14/10/1983 06:20,29.2987,13.0169,1.5,0.0103
14/10/1983 06:30,29.3572,12.8591,1.5,0.0132
14/10/1983 06:40,29.3718,12.7579,1.5,0.0229
14/10/1983 06:50,29.4132,12.5584,1.5,0.0276
14/10/1983 07:00,29.4571,12.4923,1.5,0.0321
14/10/1983 07:10,29.3328,12.4188,0,0.0357
14/10/1983 07:20,29.2304,12.4392,0,0.148
14/10/1983 07:30,29.2182,12.4385,0,0.2109
14/10/1983 07:40,29.2523,12.5607,0,0.3095
14/10/1983 07:50,29.2865,12.7994,0,0.3572
14/10/1983 08:00,29.2572,13.3139,0,0.4201
14/10/1983 08:10,29.4401,13.4477,1.5,0.1746
14/10/1983 08:20,29.6301,13.2824,1.5,0.3935
14/10/1983 08:30,29.7934,13.34,1.5,0.4471
14/10/1983 08:40,29.9078,13.4264,1.5,0.471
14/10/1983 08:50,30.015,13.5994,1.5,0.4508
14/10/1983 09:00,30.1075,13.6894,1.5,0.3748
14/10/1983 09:10,30.0125,13.94,0,0.3199
